{
    "rmse": 0.8103878905699771,
    "mae": 0.6629794998797304,
    "r2": 0.01605411215183783
}