{
    "rmse": 0.6907040438873187,
    "mae": 0.5471052637672669,
    "r2": 0.23200760432265288
}